GROUP,PACKAGE,CLASS,INSTRUCTION_MISSED,INSTRUCTION_COVERED,BRANCH_MISSED,BRANCH_COVERED,LINE_MISSED,LINE_COVERED,COMPLEXITY_MISSED,COMPLEXITY_COVERED,METHOD_MISSED,METHOD_COVERED
Direct Energy Test Automation,com.test.functional,First,0,37,0,0,0,11,0,2,0,2
Direct Energy Test Automation,com.test.functional,Second,20,4,0,0,4,2,1,1,1,1
Direct Energy Test Automation,com.test.core,Test_Controller.new FilenameFilter() {...},0,10,0,0,0,3,0,2,0,2
Direct Energy Test Automation,com.test.core,TestRunner,0,42,0,0,0,10,0,1,0,1
Direct Energy Test Automation,com.test.core,Test_Controller,39,274,1,7,5,47,1,8,0,5
Direct Energy Test Automation,com.test.core,RunnerHelper,185,262,33,20,35,49,23,12,1,7
Direct Energy Test Automation,com.test.core,Runner,7,57,2,2,2,18,2,2,0,2
Direct Energy Test Automation,com.test.pageobjects,LandingPage,0,91,0,0,0,21,0,3,0,3
Direct Energy Test Automation,com.test.pageobjects,ReviewAndConfirmSignUp,7,88,1,1,2,21,1,3,0,3
Direct Energy Test Automation,com.test.pageobjects,CompanyAndLocationDetailsPage,156,324,0,2,28,54,2,5,2,4
Direct Energy Test Automation,com.test.pageobjects,EnergyRatesPage,0,69,0,2,0,16,0,3,0,2
Direct Energy Test Automation,com.test.pageobjects,PageSupporter,0,18,0,0,0,6,0,1,0,1
Direct Energy Test Automation,com.test.support,Driver,3,0,0,0,1,0,1,0,1,0
Direct Energy Test Automation,com.test.support,Identifier,6,82,1,7,2,20,1,7,0,4
Direct Energy Test Automation,com.test.support,Configurations,6,49,1,5,2,15,1,6,0,4
Direct Energy Test Automation,com.test.support,Utility,11,0,2,0,4,0,3,0,2,0
Direct Energy Test Automation,com.test.support,TestRunnerInfo,5,99,1,9,3,24,1,7,0,3
Direct Energy Test Automation,com.test.support,Identifier.new FilenameFilter() {...},0,10,0,0,0,3,0,2,0,2
Direct Energy Test Automation,com.test.support,UIDriver,148,72,19,4,31,14,15,3,2,2
Direct Energy Test Automation,com.test.support,Settings,72,210,6,14,10,40,8,22,4,16
Direct Energy Test Automation,com.test.support,Status,3,0,0,0,1,0,1,0,1,0
Direct Energy Test Automation,com.test.report,TestReportTemplate,7,4,0,0,3,2,2,1,2,1
Direct Energy Test Automation,com.test.report,Logger,107,671,7,15,21,123,10,14,3,9
Direct Energy Test Automation,com.test.report,ReportTemplate,3,4,0,0,1,2,1,1,1,1
Direct Energy Test Automation,com.test.apitest,ApiTestRunner,2770,0,56,0,397,0,48,0,20,0
Direct Energy Test Automation,com.test.apitest,ApiTestHelper,307,0,20,0,57,0,19,0,9,0
